tid,tname,tclass,tmain,tsubsys,tadmin,tphone,tposition,tentrance,tlength,talt,tpave,tlevel,ttour,tseason,tspecial,tphotobase64
1,蘇花古道：大南澳越嶺段,國家級步道,蘇花-比亞毫國家步道系統,,羅東林區管理處,(03)954-5114轉育樂課,宜蘭縣南澳鄉,宜蘭縣南澳鄉,4.1公里,650,土徑步道、土木階梯,2,1日,四季皆宜,,
2,南澳古道,國家級步道,蘇花-比亞毫國家步道系統,,羅東林區管理處,(03)954-5114轉育樂課,宜蘭縣南澳鄉,宜蘭縣南澳鄉,3.8公里,400,木棧道、碎石山徑,1,半日,春,,
3,新店獅頭山步道,區域級步道,基隆-東北角海岸區域步道系統,石碇山群子區域步道系統,羅東林區管理處,03-954-5114轉育樂課,新北市新店區,新北市新店區,0.8公里,210,,1,,,,
4,金瓜寮魚蕨步道,區域級步道,北桃山域區域步道系統,烏來子區域步道系統,羅東林區管理處,03-954-5115轉育樂課,新北市坪林區,新北市坪林區,1.06公里,330,,1,,,,
5,拳頭姆自然步道,區域級步道,宜蘭-太平山區域步道系統,宜蘭環山子區域步道系統,羅東林區管理處,03-954-5114轉育樂課,宜蘭縣三星鄉,宜蘭縣三星鄉,1.3公里,280,原木及碎木屑鋪設,1,半日,四季皆宜,,
6,松羅步道,區域級步道,宜蘭-太平山區域步道系統,宜蘭環山子區域步道系統,羅東林區管理處,03-954-5114轉育樂課,宜蘭縣大同鄉,宜蘭縣大同鄉,2公里,450,石子路,1,半日,四季皆宜,,
7,礁溪跑馬古道,區域級步道,基隆-東北角海岸區域步道系統,鶯子山群子區域步道系統,羅東林區管理處,03-954-5114轉育樂課,新北市坪林區、宜蘭縣礁溪鄉、宜蘭縣頭城鎮,新北市坪林區、宜蘭縣頭城鎮,6.7公里,500,土石路、碎石路,2,一日,四季皆宜,,
8,林美石磐步道,區域級步道,宜蘭-太平山區域步道系統,宜蘭環山子區域步道系統,羅東林區管理處,03-954-5114轉育樂課,宜蘭縣礁溪鄉,宜蘭縣礁溪鄉林美村,1.7公里,320,石子路,2,半日,四季皆宜,,
9,聖母登山步道,區域級步道,宜蘭-太平山區域步道系統,宜蘭環山子區域步道系統,羅東林區管理處,03-954-5114轉育樂課,,宜蘭縣礁溪鄉,1.63公里,900,產業道路、山徑,2,一日,四季皆宜,,
11,新寮瀑布步道,區域級步道,宜蘭-太平山區域步道系統,宜蘭環山子區域步道系統,羅東林區管理處,03-954-5114轉育樂課,宜蘭縣南澳鄉,宜蘭縣冬山鄉,1.5,250,路況良好,1,,春,瀑布，溪濱生態,
12,九寮溪自然步道,區域級步道,宜蘭-太平山區域步道系統,宜蘭環山子區域步道系統,羅東林區管理處,03-954-5114轉育樂課,宜蘭縣大同鄉,宜蘭縣大同鄉,3公里,350,土石路,1,半日,四季皆宜,附生植物,
13,台灣山毛櫸步道,區域級步道,宜蘭-太平山區域步道系統,太平山子區域步道系統,羅東林區管理處,03-954-5114轉育樂課,宜蘭縣南澳鄉,宜蘭縣太平山國家森林遊樂區翠峰山屋旁,3.8公里,1900,自然土徑步道、原木步道及木棧道,2,半日,秋季,台灣山毛櫸變葉景觀,
14,翠峰湖環山步道,區域級步道,宜蘭-太平山區域步道系統,太平山子區域步道系統,羅東林區管理處,03-954-5114轉育樂課,宜蘭縣南澳鄉,宜蘭縣南澳鄉,3.95公里,2000,土石路、碎石路、棧橋、階梯,2,一日,四季皆宜,,
16,茂興懷舊步道,區域級步道,宜蘭-太平山區域步道系統,太平山子區域步道系統,羅東林區管理處,03-954-5114轉育樂課,宜蘭縣南澳鄉,宜蘭縣南澳鄉,1.5公里,1950,土石路、木棧道,1,半日,四季皆宜,,
17,三疊瀑布步道,區域級步道,宜蘭-太平山區域步道系統,太平山子區域步道系統,羅東林區管理處,03-954-5114轉育樂課,宜蘭縣南澳鄉,宜蘭縣南澳鄉蹦蹦車茂興站,2.7公里,1950,土石路、階梯,3,半日,四季皆宜,,
18,鐵杉林自然步道,區域級步道,宜蘭-太平山區域步道系統,太平山子區域步道系統,羅東林區管理處,03-954-5114轉育樂課,宜蘭縣南澳鄉,宜蘭縣南澳鄉,2.2公里,2180,木棧道、天然腐質土,2,半日,四季皆宜,,
19,見晴懷古步道,區域級步道,宜蘭-太平山區域步道系統,太平山子區域步道系統,羅東林區管理處,03-954-5114轉育樂課,宜蘭縣大同鄉,宜蘭縣大同鄉,2.35公里,1950,碎石路、木棧道、階梯,2,半日,四季皆宜,,
20,鳩之澤自然步道,區域級步道,宜蘭-太平山區域步道系統,太平山子區域步道系統,羅東林區管理處,03-954-5114轉育樂課,宜蘭縣大同鄉,宜蘭縣大同鄉,1.1公里,650,碎石路、木棧道階梯,2,半天,四季皆宜,,
21,望洋山步道,區域級步道,宜蘭-太平山區域步道系統,太平山子區域步道系統,羅東林區管理處,03-954-5114轉育樂課,宜蘭縣南澳鄉,宜蘭縣南澳鄉,1.2公里,2050,良好,2,,全年,,
22,朝陽步道,區域級步道,宜蘭-太平山區域步道系統,大南澳子區域步道系統,羅東林區管理處,03-954-5114轉育樂課,宜蘭縣蘇澳鎮,宜蘭縣蘇澳鎮,2.2公里,180,枕木階梯、土徑,1,半日,四季皆宜,,
23,東滿步道,國家級步道,插天山國家步道系統,,新竹林區管理處,03-5224163轉262育樂課,桃園市復興區、新北市三峽區,桃園市復興區、新北市三峽區,7.36公里,1130,土路面、木棧道、木階梯,2,1日,四季皆宜,沿線針、闊葉樹林交錯，林相鬱閉，自然生態資源完整,
24,福巴越嶺國家步道,國家級步道,插天山國家步道系統,,新竹林區管理處,03-5224163轉262育樂課,新北市烏來區、桃園市復興區華陵里,新北市烏來區、桃園市復興區華陵里,17.5公里,1666,原始山徑,3,1日,四季皆宜,原始山林領域擴及棲蘭野生動物重要棲息環境，擁有相當珍貴的檜木、台灣扁柏、台灣山毛櫸林等，並有台灣黑熊、水鹿、帝雉、山羌等保育類動物棲息地,
25,北插天山登山步道,國家級步道,插天山國家步道系統,,新竹林區管理處,03-5224163轉262育樂課,桃園市復興區,桃園市復興區,6.3公里,1727,原始山徑,3,,四季皆宜,終年雲霧繚繞，附近又有赫威巨木群，還可賞遊巨木景觀，尤其每年10月底至11月初，觀賞山毛櫸由綠轉黃澄的變葉景觀,
26,霞喀羅國家步道,國家級步道,霞喀羅-鹿場連嶺國家步道系統,,新竹林區管理處,03-5224163轉262育樂課,新竹縣尖石鄉、五峰鄉,新竹縣尖石鄉、五峰鄉,23公里,1900,原始山徑,2,1日,四季皆宜,,
27,大霸尖山登山步道,國家級步道,雪山群峰國家步道系統,,新竹林區管理處,03-5224163轉262育樂課,新竹縣尖石鄉、苗栗縣泰安鄉,苗栗縣泰安鄉,12公里,3380,土路面、木棧道、砌石階梯,4,2日,四季皆宜,,
28,桶後越嶺步道,區域級步道,北桃山域區域步道系統,烏來子區域步道系統,新竹林區管理處,03-5224163轉241育樂課,新北市烏來區,新北市烏來區、宜蘭縣礁溪鄉,7公里,730,原始山徑,2,1日,四季皆宜,,
31,哈盆越嶺步道,區域級步道,北桃山域區域步道系統,烏來子區域步道系統,新竹林區管理處,03-5224163轉241育樂課,新北市烏來區,新北市烏來區、宜蘭縣大同鄉,7公里,756,土路面、木棧道、砌石階梯,2,1日,四季皆宜,,
32,滿月圓國家森林遊樂區步道群,區域級步道,北桃山域區域步道系統,插天山子區域步道系統,新竹林區管理處,03-5224163轉244育樂課,新北市三峽區,新北市三峽區,4.2公里,1700,土坡.碎石.AC.木構.階梯.,2,,,,
35,北得拉曼巨木步道,區域級步道,竹苗山域區域步道系統,李崠山子區域步道系統,新竹林區管理處,03-5224163轉262育樂課,新竹縣尖石鄉,新竹縣尖石鄉,2.6公里,900,原始山徑，偶攀爬岩壁、木梯,3,1日,四季皆宜,,
38,鎮西堡巨木群步道,區域級步道,竹苗山域區域步道系統,秀巒子區域步道系統,新竹林區管理處,03-5224163轉262育樂課,新竹縣尖石鄉,新竹縣尖石鄉,4.6公里,1628,原始山徑,2,1日,四季皆宜,,
42,鳥嘴山登山步道,區域級步道,竹苗山域區域步道系統,加里山子區域步道系統,新竹林區管理處,03-5224163轉262育樂課,苗栗縣泰安鄉,苗栗縣泰安鄉,3.5公里,600,,2,1日,四季皆宜,,
43,加里山登山步道,區域級步道,竹苗山域區域步道系統,加里山子區域步道系統,新竹林區管理處,03-5224163轉262育樂課,苗栗縣南庄鄉,苗栗縣南庄鄉,5.8公里,1350,觀賞大、小雪山與馬拉邦山山系,3,1日,四季皆宜,,
44,五指山登山步道,區域級步道,竹苗山域區域步道系統,加里山子區域步道系統,新竹林區管理處,03-5224163轉262育樂課,新竹縣北埔鄉,新竹縣北埔鄉,1.9公里,1061,山徑、枕木階梯,2,1日,四季皆宜,,
46,冬瓜山登山步道,區域級步道,竹苗山域區域步道系統,司馬限山子區域步道系統,新竹林區管理處,03-5224163轉262育樂課,苗栗縣泰安鄉,苗栗縣泰安鄉,1.6公里,1200,山徑,2,1日,四季皆宜,臺灣櫸巨木,
47,馬拉邦山登山步道,區域級步道,竹苗山域區域步道系統,司馬限山子區域步道系統,新竹林區管理處,03-5224163轉262育樂課,苗栗縣大湖鄉、泰安鄉,苗栗縣大湖鄉、泰安鄉,4.2公里,1406,木棧道、碎石路,2,1日,四季皆宜,,
48,橫嶺山步道,區域級步道,中彰山域區域步道系統,大雪山子區域步道系統,東勢林區管理處,04- 25150855轉育樂課,台中市和平區,台中市和平區,6.6公里,1200,石階、山徑、木棧道,2,一日,四季皆宜,,
49,大雪山國家森林遊樂區步道群,區域級步道,中彰山域區域步道系統,大雪山子區域步道系統,東勢林區管理處,04- 25150855轉育樂課,台中市和平區,台中市和平區,9公里,2300,石階、山徑、木棧道,2,二日,四季皆宜,4～7月賞蝶、賞鳥、雲海（埡口觀景台）、觀星、3～5月森氏杜鵑、台灣杜鵑花開（200林道）、5～7月毛地黃花開、11～1月楓紅景觀（木馬道）,
50,八仙山國家森林遊樂區步道群,區域級步道,中彰山域區域步道系統,谷關子區域步道系統,東勢林區管理處,04- 25150855轉育樂課,台中市和平區,台中市和平區,5.7公里,1100,石階、山徑、木棧道,2,一日,四季皆宜,孟宗竹林、溪流景觀、賞鳥、1～2月山櫻花季、3～4賞螢火蟲、6～9月賞蝶,
51,德芙蘭步道,區域級步道,中彰山域區域步道系統,谷關子區域步道系統,東勢林區管理處,04- 25150855轉育樂課,台中市和平區,台中市和平區,3公里,1000,石階、山徑,2,半日,春,台灣二葉松林道、吊橋景觀,
52,八仙山主峰步道,區域級步道,中彰山域區域步道系統,谷關子區域步道系統,東勢林區管理處,04- 25150855轉育樂課,台中市和平區,台中市和平區,6公里,2366,石階、山徑、木棧道,3,一日,春,賞鳥、1-2月山櫻花、3-4月螢火蟲、6-9月賞蝶、10-1月變葉植物,
53,東卯山步道,區域級步道,中彰山域區域步道系統,谷關子區域步道系統,東勢林區管理處,04- 25150855轉育樂課,台中市和平區,台中市和平區,6.7公里,1690.5,石階、攀岩、山徑、木棧道,2,一日,四季皆宜,登頂俯瞰大甲溪及東卯溪流域,
54,唐麻丹山步道,區域級步道,中彰山域區域步道系統,谷關子區域步道系統,東勢林區管理處,04- 25150855轉育樂課,台中市和平區,台中市和平區,5.4公里,1305,石階、山徑、木馬道、木棧道,3,一日,春,瀑布景觀,
55,波津加山步道,區域級步道,中彰山域區域步道系統,谷關子區域步道系統,東勢林區管理處,04- 25150855轉育樂課,台中市和平區,台中市和平區,3.2公里,1772,石階、山徑、木棧道,3,一日,四季皆宜,,
56,屋我尾山步道,區域級步道,中彰山域區域步道系統,谷關子區域步道系統,東勢林區管理處,04- 25150855轉育樂課,台中市和平區,台中市和平區,6.7公里,1915,石階、山徑、木棧道,3,一日,四季皆宜,沿途可見體能訓練設施,
57,新山馬崙山步道,區域級步道,中彰山域區域步道系統,谷關子區域步道系統,東勢林區管理處,04- 25150855轉育樂課,台中市和平區,台中市和平區,7公里,2305,石階、山徑、木棧道,3,一日,四季皆宜,5月間殼斗科植物的開花盛況,
58,斯可巴步道,區域級步道,中彰山域區域步道系統,谷關子區域步道系統,東勢林區管理處,04- 25150855轉育樂課,台中市和平區,台中市和平區,2.7,1455,石階、山徑、木棧道,2,一日,四季皆宜,5月間殼斗科植物的開花盛況,
59,白毛山步道,區域級步道,中彰山域區域步道系統,谷關子區域步道系統,東勢林區管理處,04- 25150855轉育樂課,台中市和平區,台中市和平區,2.3公里,1522,水泥產業道路、山徑、木棧道,2,一日,四季皆宜,柳杉林、孟宗竹林,
60,鳶嘴稍來小雪山國家步道,國家級步道,雪山群峰國家步道系統,,東勢林區管理處,04- 25150855轉育樂課,台中市和平區,台中市和平區,15.2公里,2600,石階、攀岩、山徑、木棧道,4,二日,四季皆宜,岩稜景觀、楓紅景觀（鳶嘴-稍來中後段2.5K）、巨木(杉科、柏科、殼斗科)、桑寄生植物（鳶嘴稍來至山頂）、台灣杜鵑純林（鳶嘴稍來步道1.5K）,
61,合歡尖山步道,區域級步道,太魯閣-合歡山區域步道系統,太魯閣-合歡山子區域步道系統,東勢林區管理處,04- 25150855轉育樂課,南投縣仁愛鄉、花蓮縣秀林鄉,南投縣仁愛鄉,0.4公里,3217,山徑,3,半日,五、六月,賞鳥、雲海、觀星、賞雪、5～6月玉山杜鵑、紅毛杜鵑花季、7月阿里山龍膽開花、8～9月虎杖、高山沙參開花,
62,合歡東峰步道,區域級步道,太魯閣-合歡山區域步道系統,太魯閣-合歡山子區域步道系統,東勢林區管理處,04- 25150855轉育樂課,南投縣仁愛鄉、花蓮縣秀林鄉,南投縣仁愛鄉,1.1公里,3421,石階、山徑、木棧道,3,半日,5、6月,賞鳥、雲海、觀星、賞雪、5～6月玉山杜鵑、紅毛杜鵑花季、7月阿里山龍膽開花、8～9月虎杖、高山沙參開花,
63,桃山瀑布步道,區域級步道,其他,其他,東勢林區管理處,04- 25150855轉育樂課,台中市和平區,台中市和平區,4.3公里,2200,石階、山徑、木棧道,2,一日,四季皆宜,七家灣溪流景觀、5~7月賞鳥、10~11月賞魚、瀑布景觀、10~12月賞螢。,
64,能高越嶺道,國家級步道,合歡-能高越嶺國家步道系統,,南投林區管理處<br>花蓮林區管理處,西段請洽049-2365226轉2508育樂課、東段請洽038-325141轉262育樂課,南投縣仁愛鄉、花蓮縣秀林鄉,南投縣仁愛鄉、花蓮縣秀林鄉,27公里,2860,土路面、木棧道、木階梯、吊橋,4,2天,四季皆宜,,
67,桃源里森林步道,區域級步道,中彰山域區域步道系統,八卦山子區域步道系統,南投林區管理處,049-2365226轉2508育樂課,彰化縣彰化市,彰化縣彰化市,桃源里森林步道3公里、龍鳳谷步道0.5公里、幽蘭谷步道0.06公里、體適能區步道0.87公里，全長1.56公里,140,山徑、木階梯、木棧橋、吊索橋、產業道路,1,半日,四季皆宜,,
69,清水岩(中央嶺、二棧坪、十八彎)步道群,區域級步道,中彰山域區域步道系統,八卦山子區域步道系統,南投林區管理處,049-2365226轉2508育樂課,彰化縣社頭鄉、田中鎮,彰化縣社頭鄉,二棧坪步道（環狀）1.1公里、十八彎步道（單程）1.6公里、中央嶺步道（單程）1.4公里，共約4.3公里,320,土路面、木棧道、木階梯,1,1天,四季皆宜,,
70,麒麟山森林步道,區域級步道,中彰山域區域步道系統,八卦山子區域步道系統,南投林區管理處,049-2365226轉2508育樂課,彰化縣田中鎮、南投縣名間鄉,彰化縣田中鎮,環狀，1.2公里,200,道路、自行車道、山徑、階梯,1,半天,四季皆宜,,
71,香山森林步道,區域級步道,中彰山域區域步道系統,八卦山子區域步道系統,南投林區管理處,049-2365226轉2508育樂課,彰化縣田中鎮、南投縣名間鄉,彰化縣田中鎮,0.6公里,343,木棧道、階梯柏油路、原始山徑,1,半日,四季皆宜,,
72,坑內坑森林步道,區域級步道,中彰山域區域步道系統,八卦山子區域步道系統,南投林區管理處,049-2365226轉2508育樂課,彰化縣二水鄉,彰化縣二水鄉,2.11公里,380,土路面、木棧道、木階梯、吊橋,1,半天,四季皆宜,,
73,廟前坑森林步道,區域級步道,中彰山域區域步道系統,八卦山子區域步道系統,南投林區管理處,049-2365226轉2508育樂課,彰化縣二水鄉,彰化縣二水鄉,0.6公里,200,卵石步道、土木階梯,1,半天,四季皆宜,,
74,奧萬大國家森林遊樂區步道群,區域級步道,南投山域區域步道系統,奧萬大周邊子區域步道系統,南投林區管理處,049-2365226轉2508育樂課,南投縣仁愛鄉,南投縣仁愛鄉,瀑布區步道0.55公里、林間步道0.75公里、櫻花園步道0.5公里、好漢坡步道0.27公里、楓林步道1.16公里、賞鳥步道0.4公里、森林步道1.4公里、第一平台步道0.55公里、松林區環狀步道0.55公里，共約5.94公里,2600,柏油路、山徑、木階梯、吊橋,1,1-2天,四季皆宜,,
75,澀水森林步道,區域級步道,南投山域區域步道系統,日月潭周邊子區域步道系統,南投林區管理處,049-2365226轉2508育樂課,南投縣魚池鄉,南投縣魚池鄉,4.0公里,800,木棧道、階梯、產業道路,1,半日,四季皆宜,,
77,鯉魚潭森林步道,區域級步道,南投山域區域步道系統,日月潭周邊子區域步道系統,南投林區管理處,049-2365226轉2508育樂課,南投縣埔里鎮,南投縣埔里鎮,0.85公里,560,木棧道、土木階梯、棧橋,1,半日,四季皆宜,,
78,龍過脈森林步道,區域級步道,雲嘉-大阿里山區域步道系統,古坑、華山子區域步道系統,南投林區管理處,049-2365226轉2508育樂課,雲林縣林內鄉,雲林縣林內鄉,4.2公里,200,土路面、木棧道、木階梯,1,半日,春,,
79,二崙自然步道,其它,雲嘉-大阿里山區域步道系統,其他,南投林區管理處,049-2365226轉2508育樂課,雲林縣二崙鄉,雲林縣二崙鄉,4公里（前段700公尺為單線，後段約2.8公里為環狀步道）,,粉砂路面、木棧道、木階梯,1,半天,四季皆宜,,
80,塔山步道,國家級步道,阿里山國家步道系統,,嘉義林區管理處,05-2787006轉育樂課,嘉義縣阿里山鄉,嘉義縣阿里山鄉,3.5公里,2663,枕木碎石步道、木棧道,2,一日,四季皆宜,,
81,特富野古道,國家級步道,阿里山國家步道系統,,嘉義林區管理處,05-2787006轉育樂課,嘉義縣阿里山鄉、南投縣信義鄉,嘉義縣阿里山鄉,6.32公里,2282,枕木碎石步道、山徑,2,一日,四季皆宜,,
82,嘉南雲峰步道,區域級步道,雲嘉-大阿里山區域步道系統,草嶺、石壁子區域步道系統,嘉義林區管理處,05-2787006轉育樂課,雲林縣古坑鄉,雲林縣古坑鄉,9.7公里,1800,枕木碎石步道、山徑,2,一日,四季皆宜,步道沿途原始闊葉林密佈，牛樟巨木最具代表性，以其倒木築成之木棧道，為此步道特色之一。,
83,瑞太古道,區域級步道,雲嘉-大阿里山區域步道系統,太和、瑞里子區域步道系統,嘉義林區管理處,05-2787006轉育樂課,嘉義縣梅山鄉,嘉義縣梅山鄉,5.2公里,1511,山徑、枕木階梯,1,半日,四季皆宜,,
84,四大天王山步道,區域級步道,雲嘉-大阿里山區域步道系統,太和、瑞里子區域步道系統,嘉義林區管理處,05-2787006轉育樂課,嘉義縣竹崎鄉,嘉義縣竹崎鄉,3.5公里,1320,山徑、石板階梯,1,半天,四季皆宜,,
85,獨立山步道,區域級步道,雲嘉-大阿里山區域步道系統,太和、瑞里子區域步道系統,嘉義林區管理處,05-2787006轉育樂課,嘉義縣竹崎鄉,嘉義縣竹崎鄉,5公里,816,山徑、階梯,1,半天,全年,,
86,獨立山-大巃頂步道,區域級步道,雲嘉-大阿里山區域步道系統,太和、瑞里子區域步道系統,嘉義林區管理處,05-2787006轉育樂課,嘉義縣竹崎鄉,嘉義縣竹崎鄉,1.6公里,1190,枕木、山徑,2,一日,全年,由獨立山步道延伸至大巃頂步道沿途多為闊葉次生林，山頂可觀賞日落及雲海。,
87,杜仔湖步道,區域級步道,雲嘉-大阿里山區域步道系統,太和、瑞里子區域步道系統,嘉義林區管理處,05-2787006轉育樂課,嘉義縣阿里山鄉,嘉義縣阿里山鄉,4.9公里,1548,山徑、枕木步道、產業道路,1,一日,全年,杜仔湖步道環境以竹林及柳杉林為主。步道全長約4.8公里，海拔高度介於1206~1511公尺之間。,
88,瑞里-水社寮步道,區域級步道,雲嘉-大阿里山區域步道系統,太和、瑞里子區域步道系統,嘉義林區管理處,05-2787006轉育樂課,嘉義縣梅山鄉,嘉義縣梅山鄉,2公里,1148,枕木、山徑,1,一日,全年,瑞水步道因位置偏僻，至今依然保持原始風貌。步道平緩易行，沿途有竹林、闊葉林、溪流，途中還可全覽四大天王山的雄偉山景。,
89,太平雲梯-獨立山大巃頂步道,區域級步道,雲嘉-大阿里山區域步道系統,太和、瑞里子區域步道系統,嘉義林區管理處,05-2787006轉育樂課,嘉義縣竹崎鄉,嘉義縣竹崎鄉,1.5公里,840,枕木步道、山徑,2,1日,全年,連結獨立山步道及太平親子步道將來亦可連絡太平雲梯。,
90,石夢谷步道,區域級步道,雲嘉-大阿里山區域步道系統,太和、瑞里子區域步道系統,嘉義林區管理處,05-2787006轉育樂課,嘉義縣阿里山鄉,嘉義縣阿里山鄉,4.8公里,1800,,3,一日,四季皆宜,,
91,金獅村步道,區域級步道,雲嘉-大阿里山區域步道系統,太和、瑞里子區域步道系統,嘉義林區管理處,05-2787006轉育樂課,嘉義縣竹崎鄉,嘉義縣竹崎鄉,2公里,933,枕木、山徑,1,半日,全年,金獅村步道是早期先民對外聯繫的主要通道，全程以枕木階梯為主，緩上的步道僅2km，最高處為茶園，視野極佳。,
92,茶之道步道,區域級步道,雲嘉-大阿里山區域步道系統,太和、瑞里子區域步道系統,嘉義林區管理處,05-2787006轉育樂課,嘉義縣阿里山鄉,嘉義縣阿里山鄉,1.86公里,1696,枕木棧道、產業道路,1,一日,全年,主要以茶園風光為特色，沿途綠意盎然，可穿梭竹林與杉林間，感受阿里山的自然味；亦能與頂石棹步道串聯，展開另一段漫步之旅。,
93,對高岳森林浴步道,區域級步道,雲嘉-大阿里山區域步道系統,阿里山周邊子區域步道系統,嘉義林區管理處,05-2787006轉育樂課,嘉義縣阿里山鄉,嘉義縣阿里山鄉,1.07公里,2453,山徑、木棧道,2,半日,全年,人工林、祝山線鐵路,
94,阿里山國家森林遊樂區巨木群步道,區域級步道,雲嘉-大阿里山區域步道系統,阿里山周邊子區域步道系統,嘉義林區管理處,05-2787006轉育樂課,嘉義縣阿里山鄉,嘉義縣阿里山鄉,1.1公里,2000,木棧道,1,一日,全年,阿里山森林遊樂區內巨木群林下步道,
95,二萬坪步道,區域級步道,雲嘉-大阿里山區域步道系統,阿里山周邊子區域步道系統,嘉義林區管理處,05-2787006轉育樂課,嘉義縣阿里山鄉,嘉義縣阿里山鄉,0.3公里,2036,混凝土階梯、枕木步道,1,半天,全年,二萬坪步道短短的約300公尺左右而已，單程約10到15分鐘左右就可以走完，走起來很輕鬆愜意，是一條簡單但是卻能夠近距離貼近原始森林、享受森林浴的健康步道。,
96,十字路來吉古道,區域級步道,雲嘉-大阿里山區域步道系統,阿里山周邊子區域步道系統,嘉義林區管理處,05-2787006轉育樂課,嘉義縣阿里山鄉,嘉義縣阿里山鄉,0.7公里,1500,山徑、石板階梯,2,半天,全年,十字路來吉古道前段約0.7公里為林務局整修的步道，沿途林木茂密，時可見竹林遍佈，後半段則為產業道路。,
98,里佳-山美步道,區域級步道,雲嘉-大阿里山區域步道系統,阿里山周邊子區域步道系統,嘉義林區管理處,05-2787006轉育樂課,嘉義縣阿里山鄉,嘉義縣阿里山鄉,1.3公里,800,木棧道、山徑,3,1日,全年,里佳-山美步道又名里(佳)美古道、鬼山古道，位於嘉義縣阿里山鄉，昔日步道全長原有5.6公里，連接里佳到山美兩處鄒族部落，是過去里佳、山美、新美部落在無公路之前唯一往來的路徑，但經歷多次風災地震後部分路段已崩毀中斷，目前僅可從里佳通行至里佳瀑布，現今步道約僅存1.2~2公里左右可行走。,
99,奮瑞古道,區域級步道,雲嘉-大阿里山區域步道系統,奮起湖周邊子區域步道系統,嘉義林區管理處,05-2787006轉育樂課,嘉義縣竹崎鄉,嘉義縣竹崎鄉,6.5公里,1600,山徑、石板步道,2,一日,四季皆宜,,
100,奮起湖大凍山步道,區域級步道,雲嘉-大阿里山區域步道系統,奮起湖周邊子區域步道系統,嘉義林區管理處,05-2787006轉育樂課,嘉義縣竹崎鄉,嘉義縣竹崎鄉,7.1公里,1976,山徑、石板步道、枕木碎石步道,2,一日,全年,,
102,新美內沙谷步道,區域級步道,雲嘉-大阿里山區域步道系統,奮起湖周邊子區域步道系統,嘉義林區管理處,05-2787006轉育樂課,嘉義縣阿里山鄉,嘉義縣阿里山鄉,2公里,1100,枕木、石板步道,3,一日,全年,新美內沙谷步道全長600公尺，坡度平緩，屬第一類步道，適合一般民眾登山健行。,
103,土匪山步道,區域級步道,雲嘉-大阿里山區域步道系統,奮起湖周邊子區域步道系統,嘉義林區管理處,05-2787006轉育樂課,嘉義縣番路鄉,嘉義縣番路鄉,1.8公里,700,枕木碎石步道、木棧道,2,一日,全年,土匪山步道為外腦寮部落通往觸口之路徑，又稱土匪山古道。步道由台18線（阿里山公路）36.5K處起點入口，途中設有涼亭、木椅，沿線建有木枕道，沿途原始森林密佈，山頂為茶園，整體環境優美。步道終點可達公興社區，也可右上茶園攀登土匪山（又稱番路山）。,
104,龍銀山步道,區域級步道,雲嘉-大阿里山區域步道系統,達邦、達娜伊谷子區域步道系統,嘉義林區管理處,05-2787006轉育樂課,嘉義縣竹崎鄉,嘉義縣竹崎鄉,2.6公里,1345,木棧道、枕木階梯、石板階梯,1,半日,四季皆宜,,
105,關仔嶺大凍山步道,區域級步道,大台南山域區域步道系統,白河、關仔嶺子區域步道系統,嘉義林區管理處,05-2787006轉育樂課,台南市白河區,台南市白河區,6公里,1241,枕木碎石步道、山徑,2,一日,全年,,
106,關仔嶺碧雲寺-水火同源登山步道,區域級步道,大台南山域區域步道系統,白河、關仔嶺子區域步道系統,嘉義林區管理處,05-2787006轉育樂課,台南市白河區,台南市白河區,1.3公里,500,枕木步道、山徑,1,半日,全年,碧雲寺海拔高度約270公尺，下方的碧雲公園有許多奇特巨石景觀。從碧雲寺可步行至水火同源。,
107,崁頂步道,區域級步道,大台南山域區域步道系統,白河、關仔嶺子區域步道系統,嘉義林區管理處,05-2787006轉育樂課,台南市白河區,台南市白河區,0.5公里,500,枕木步道,1,半日,全年,,
108,雞巃山步道,區域級步道,大台南山域區域步道系統,白河、關仔嶺子區域步道系統,嘉義林區管理處,05-2787006轉育樂課,台南市白河區,台南市白河區,1.6公里,889,枕木、山徑、石板步道,1,半日,全年,此登山步道屬於大眾化路線，沿途路標清楚且海拔落差不大，山頂上有一座涼亭，視野極佳，是歇腳休憩也能觀景的好地方。,
109,崁頭山步道,區域級步道,大台南山域區域步道系統,曾文水庫周邊子區域步道系統,嘉義林區管理處,05-2787006轉育樂課,台南市東山區,台南市東山區,3.2公里,844,山徑、石板步道,2,半日,四季皆宜,,
110,大埔大巃三角點步道,區域級步道,大台南山域區域步道系統,曾文水庫周邊子區域步道系統,嘉義林區管理處,05-2787006轉育樂課,嘉義縣大埔區,嘉義縣大埔區,1.4公里,1100,枕木、山徑,3,1日,全年,步道位於嘉義縣中埔鄉與大埔鄉交界處，標高1179公尺，二等三角點1186號基石。,
114,鈺鼎步道,區域級步道,大台南山域區域步道系統,其他,嘉義林區管理處,05-2787006轉育樂課,台南市南化區,台南市南化區,1.6公里,430,石階、原木棧道,1,半天,全年,步道擁有林相豐富的原始自然生態，沿途兩旁滿是山芙蓉、柚木等植物遍佈，林木幽深蓊鬱，動物資源亦相當豐富，蟲鳴鳥唧不絕於耳。其山頂可遠眺南化水庫、關山村、玉山村、淨水場及月世界與左鎮、南化，視野良好。,
119,北大武山步道,國家級步道,中央山脈脊樑國家步道系統,,屏東林區管理處,08-7882647,屏東縣泰武鄉,屏東縣泰武鄉,9公里,3092,山徑、階梯,5,2-3天,四季皆宜,台灣鐵杉純林、雲海、成年禮、大武遺址,
120,六龜警備道：藤枝段,國家級步道,關山-內本鹿越嶺國家步道系統,,屏東林區管理處,07-6895123,高雄市桃源區,高雄市桃源區,0.75公里,1650,山徑、階梯,3,1天內,四季皆宜,,
121,浸水營古道,國家級步道,南台灣國家步道系統,,屏東林區管理處<br>台東林區管理處,08-7236941轉育樂課<br>089-324121-4 轉育樂課,台東縣達仁鄉,台東縣達仁鄉,15.4公里,1503,土徑,2,一日,四季皆宜,,
125,美濃雙溪樹木園步道,區域級步道,高雄區域步道系統,旗山、美濃子區域步道系統,屏東林區管理處,07-6612031,高雄市美濃區,高雄市美濃區,1.5公里,200,山徑,1,半日,四季皆宜,熱帶雨林林相、熱帶植物樹種、低海拔鳥類,
127,美濃靈山登山步道,區域級步道,高雄區域步道系統,旗山、美濃子區域步道系統,屏東林區管理處,07-6612031,高雄市美濃區,高雄市美濃區,1.27公里,476,水泥鋪面及泥土路,1,,,靈山步道位於林務局轄下旗山事業區44林班內的規劃步道，位於旗山區、美濃區、杉林區交界處，最高點476公尺，步道長約1公里，爬升高度約為287公尺，靈山步道入口位於雷音寺旁，通常登山健行的遊客會將車子停在登山口，或停在山下的的福德祠，於靈山可遠眺美濃平原，另外山上福德祠後山徑可走到三角點，沿途林相優美，竹木錯落，行走來相當愜意。,
129,藤枝國家森林遊樂區步道群,區域級步道,高雄山域區域步道系統,藤枝周邊子區域步道系統,屏東林區管理處,07-6895123,高雄市桃源區,高雄市桃源區,7.1公里,1800,山徑,2,二日,四季皆宜,杉林森濤雲霧、登高跳遠、六龜警備道遺址,
130,六義山步道,區域級步道,高雄山域區域步道系統,甲仙、六龜子區域步道系統,屏東林區管理處,07-6612031,高雄市甲仙區,高雄市甲仙區,4.35公里,783,階梯、產業道路、山徑,1,一日,四季皆宜,夕照、冬季賞梅,
131,尾寮山登山步道,區域級步道,高雄山域區域步道系統,茂林周邊子區域步道系統,屏東林區管理處,08-7882647,屏東縣高樹鄉、三地門鄉、高雄市茂林區,屏東縣高樹鄉,12公里,1427,產業道路、山徑,2,一日,四季皆宜,黃毛榕、大津瀑布、荖濃溪賞景,
133,里龍山步道,區域級步道,屏東區域步道系統,牡丹、雙流子區域步道系統,屏東林區管理處,08-7882647,屏東縣獅子鄉,屏東縣枋山鄉,7公里,1050,山徑、階梯,3,1日,春,台灣穗花杉、溪流瀑布景觀、海天一色美景,
134,雙流國家森林遊樂區步道群,區域級步道,屏東區域步道系統,牡丹、雙流子區域步道系統,屏東林區管理處,08-8701394,屏東縣獅子鄉,屏東縣獅子鄉,9.6公里,650,山徑、階梯,1,1日,四季皆宜,熱帶至暖溫帶林相植物交雜分布、親水步道、避風谷地、豐富昆蟲相,
135,墾丁國家森林遊樂區步道群,區域級步道,屏東區域步道系統,墾丁、社頂子區域步道系統,屏東林區管理處,08-8861211,屏東縣恆春鎮,屏東縣恆春鎮,8.1公里,300,山徑、階梯,1,1日,四季皆宜,熱帶季風林、高位珊瑚礁岩、石灰岩溶洞、熱帶植物園,
136,石門山步道,區域級步道,屏東區域步道系統,牡丹、雙流子區域步道系統,屏東林區管理處,08-8892031,屏東縣牡丹鄉,屏東縣牡丹鄉,1.05公里,384,山徑、碎石路、木階梯,3,半日,春,白榕谷、石門古戰場、牡丹社事件,
137,高士佛步道,區域級步道,屏東區域步道系統,牡丹、雙流子區域步道系統,屏東林區管理處,08-8892031,屏東縣牡丹鄉,屏東縣牡丹鄉,2.5公里,514,山徑、碎石路,2,半日,春,大頭茶林、大武蜘蛛抱蛋、小金石榴,
139,嘉明湖國家步道,國家級步道,中央山脈脊樑國家步道系統,,台東林區管理處,089-324121-4 轉育樂課,台東縣海端鄉,台東縣海端鄉,13公里,3602,土徑、草坡、碎石路,4,三日,四季皆宜,,
140,都蘭山步道,區域級步道,東部區域步道系統,關山、鹿野、卑南及台東子區域步道系統,台東林區管理處,089-324121-4 轉育樂課,台東縣東河鄉,台東縣東河鄉,3.79公里,782,緩坡、階梯、陡坡,2,一日,四季皆宜,,
141,麻荖漏步道,區域級步道,東部區域步道系統,富里、池上及成功子區域步道系統,台東林區管理處,089-324121-4 轉育樂課,台東縣成功鎮,台東縣成功鎮,1.16公里,1190,枕木階梯、土徑、塊石階梯、木棧橋、木爬梯、溪床步道,2,半日,四季皆宜,,
146,知本國家森林遊樂區步道群,區域級步道,東部區域步道系統,關山、鹿野、卑南及台東子區域步道系統,台東林區管理處,089-324121-4 轉育樂課,台東縣卑南鄉,台東縣卑南鄉,5.51公里,650,山徑、階梯,1,1日,四季皆宜,,
147,鯉魚山步道,區域級步道,東部區域步道系統,關山、鹿野、卑南及台東子區域步道系統,台東林區管理處,089-324121-4 轉育樂課,台東縣台東市,台東縣台東市,1.75公里,80,階梯及枕木步道,1,半日,四季皆宜,,
148,關山嶺山步道,其它,東部區域步道系統,關山、鹿野、卑南及台東子區域步道系統,台東林區管理處,089-324121 轉育樂課,台東縣海端鄉,台東縣海端鄉,1.5公里,3176,土徑步道、岩壁。,4,,,由於此地處於兩峰交會的埡口，即風口地帶，天氣變化極大，有時上午晴空萬里，午後即風起雲湧，刺骨寒風撲面。,
150,大武觀海步道,區域級步道,東部區域步道系統,太麻里、大武子區域步道系統,台東林區管理處,089-324121-4 轉育樂課,台東縣大武鄉,台東縣大武鄉,1.1公里,40,枕木階梯步道、土徑步道,1,半日,四季皆宜,,
152,月眉山步道,國家級步道,海岸山脈國家步道系統,,花蓮林區管理處,03-832-5141轉育樂課,花蓮縣壽豐鄉,花蓮縣壽豐鄉,4.8公里,400,碎石道、土徑,1,半天,四季皆宜,,
153,安通越嶺道：西段,國家級步道,海岸山脈國家步道系統,,花蓮林區管理處,03-832-5141轉育樂課,花蓮縣玉里鎮,花蓮縣玉里鎮,2.06公里,930,階梯、土徑、碎石,1,半天,四季皆宜,,
154,八通關越道：鹿鳴吊橋段,國家級步道,玉山橫斷國家步道系統,,花蓮林區管理處,03-832-5141轉育樂課,花蓮縣卓溪鄉,花蓮縣卓溪鄉,2.7公里,350,產業道路、土徑,1,半天,四季皆宜,,
155,佐倉步道,區域級步道,東部區域步道系統,花蓮市、吉安及壽豐子區域步道系統,花蓮林區管理處,03-832-5141轉育樂課,花蓮縣秀林鄉,花蓮縣秀林鄉,3.95公里,495,產業道路、泥石路,1,半天,四季皆宜,,
156,鯉魚山步道群,區域級步道,東部區域步道系統,花蓮市、吉安及壽豐子區域步道系統,花蓮林區管理處,03-832-5141轉育樂課,花蓮縣壽豐鄉,花蓮縣壽豐鄉,11.2公里,601,階梯、碎石,1,半天--1天,四季皆宜,,
157,富源國家森林遊樂區步道群,區域級步道,東部區域步道系統,瑞穗、玉里及長濱子區域步道系統,花蓮林區管理處,03-832-5141轉育樂課,花蓮縣瑞穗鄉,花蓮縣瑞穗鄉,8.41公里,750,階梯、花崗岩片、碎石,1,1-2天,四季皆宜,,
158,富興步道,區域級步道,東部區域步道系統,瑞穗、玉里及長濱子區域步道系統,花蓮林區管理處,03-832-5141轉育樂課,花蓮縣瑞穗鄉,花蓮縣瑞穗鄉,0.67公里,320,階梯、泥石路,1,半天,四季皆宜,,
159,虎頭山步道,區域級步道,東部區域步道系統,瑞穗、玉里及長濱子區域步道系統,花蓮林區管理處,03-832-5141轉育樂課,花蓮縣瑞穗鄉,花蓮縣瑞穗鄉,1.98公里,380,階梯、泥石路,1,半天,四季皆宜,,
164,九九峰森林步道,區域級步道,中彰山域區域步道系統,其他,南投林區管理處,049-2365226,南投縣草屯鎮,南投縣草屯鎮平林里,2.5公里,485,石礫.棧道.產業道路,1,國道六號東草屯交流道下接台14線望埔里方向在平林里左接平學路至九九峰藝術生態園區停車進入九九峰森林步道,秋冬季,可及性高，沿途考飽覽九九峰自然保留區景觀，制高點處可遠眺 霧峰、草屯、烏溪、國道六號、平林、雙冬里等景觀，成為踏青賞景新據點,
165,檜木原始林步道,區域級步道,宜蘭-太平山區域步道系統,太平山子區域步道系統,羅東林區管理處,03-954-5114轉育樂課,宜蘭縣南澳鄉,宜蘭縣南澳鄉,1.29公里,1990,木棧道及石子路,1,半日,四季皆宜,原始檜木林,
167,關山紅石步道,區域級步道,東部區域步道系統,關山、鹿野、卑南及台東子區域步道系統,台東林區管理處,089-324121-7 轉育樂課,台東縣關山鎮,台東縣關山鎮,3.72公里,3176,土徑及枕木步道,2,,,,
169,向陽國家森林遊樂區步道群,其它,東部區域步道系統,其他,台東林區管理處,089-324121-8 轉育樂課,台東縣海端鄉,台東縣海端鄉,3.9公里,2490,土徑步道,2,,,,
174,鎮南宮步道,區域級步道,大台南山域區域步道系統,其他,嘉義林區管理處,05-2787006轉育樂課,台南市六甲區,台南市六甲區,0.99公里,105,枕木步道,1,半天,四季皆宜,步道為低海拔天然闊葉林林相，其鳥類資源相當薈萃，沿途蜜源植物更吸引許多蝶類、蜜蜂，生物資源豐富。,
178,福山步道,區域級步道,雲嘉-大阿里山區域步道系統,阿里山周邊子區域步道系統,嘉義林區管理處,05-2787006轉育樂課,嘉義縣阿里山鄉,嘉義縣阿里山鄉,1.43公里,1360,泥土、石板步道,1,一日,全年,福山古道的前段又稱達那巴娃那古道，步道大致與柏油路平行，沿途可遠眺曾文溪谷、特富野聚落；後段生態資源相當豐富，沿線原生種金氏杜鵑、箭竹、水杉林和孟宗竹林等植物資源豐富且鳥況極佳，以中低海拔鳥類如五色鳥、藪鳥、山紅頭、冠羽畫眉、白耳畫眉等為主。,
179,里美避難步道,區域級步道,雲嘉-大阿里山區域步道系統,阿里山周邊子區域步道系統,嘉義林區管理處,05-2787006轉育樂課,嘉義縣阿里山鄉,嘉義縣阿里山鄉,1.6公里,1050,枕木碎步道、木棧道,4,一日,全年,里美避難步道原為早期里佳通往山美之舊有古道，因公路開通，致步道逐漸荒廢，整建後可恢復舊有古道，呈現早期原住民之生活特色及串連兩村之風景據點，提供完整之旅遊動線。,
180,龍麟山步道,區域級步道,大台南山域區域步道系統,曾文水庫周邊子區域步道系統,嘉義林區管理處,05-2787006轉育樂課,台南市南化區、高雄市內門區,台南市南化區,2.3公里,530,枕木碎石步道、木棧道,2,半天,四季皆宜,龍麟山又稱桶頭山，早期稱作「王爺崙」。步道位於臺南市南化區及高雄市內門區交界，是烏山稜脈最南端的山頭，視野相當好，沿途景色優美，行至稜線高峰時，奇石分佈如龍麟，故名龍麟山。,
195,仙井瀑布步道,區域級步道,雲嘉-大阿里山區域步道系統,其他,嘉義林區管理處,05-2787006轉育樂課,嘉義縣番路鄉,嘉義縣番路鄉,0.03公里,1200,枕木步道,1,半天,全年,仙井瀑布步道位於隙頂風景區，而隙頂地區的視野範圍極為廣闊，包括曾文水庫的風光，台灣四分之一的山脈都可看見。,
200,水山步道,區域級步道,雲嘉-大阿里山區域步道系統,阿里山周邊子區域步道系統,嘉義林區管理處,05-2787006轉育樂課,嘉義縣阿里山鄉,嘉義縣阿里山鄉,1.6公里,2317,鐵道、石板階梯 ,1,半天,全年,位於阿里山森林遊樂區內，係利用舊有水山線鐵路稍加整理而成，沿途林木茂密，終點為水山巨木。,
207,浸水營步道：前段,國家級步道,中央山脈脊樑國家步道系統,,屏東林區管理處,08-7882647,,,2.7公里,250,土石路面,2,0.5天,春,,
210,安通越嶺古道東段,國家級步道,海岸山脈國家步道系統,,台東林區管理處,089-851027,,,5.2,912,土徑步道及木檔階梯,3,1天,全年,安通越嶺道東段位於臺東縣長濱鄉境內，從竹湖圳產業道路終點至海岸山脈主稜，全長約5.2公里，最高海拔912公尺。,
